churn_prob,MonthlyCharges
0.99159074,100.8
0.98806316,78.65
0.98251396,88.55
0.97893244,85.8
0.9767345,94.0
0.97529113,85.0
0.97489357,98.5
0.9703762,85.45
0.9693578,79.35
0.9668205,76.35
0.9649353,117.2
0.9639203,84.75
0.96044433,91.3
0.96005166,94.6
0.95827097,80.8
0.9573584,93.85
0.95392615,79.6
0.95292085,35.55
0.95177317,91.4
0.95116097,30.4
0.9484629,69.65
0.94769454,69.65
0.94658864,79.2
0.9443264,95.5
0.9423312,84.05
0.9422002,92.5
0.9411573,91.45
0.9408646,85.55
0.93855244,76.5
0.93776774,69.6
0.93775463,85.0
0.93584585,79.35
0.93540674,100.85
0.93057203,79.6
0.9293497,88.8
0.92846984,94.1
0.9260708,79.95
0.92565924,91.65
0.9237774,85.85
0.92037976,85.65
0.9194684,74.4
0.917456,104.8
0.917407,79.75
0.9171556,74.45
0.91563296,40.4
0.9143372,79.25
0.91302,98.55
0.9092578,74.5
0.90799373,82.3
0.9060046,69.5
0.9031431,85.7
0.9013583,83.8
0.8944912,34.7
0.8942537,75.45
0.8921278,74.6
0.8920708,85.15
0.8847915,101.05
0.88435614,83.65
0.88416845,45.0
0.8767457,100.15
0.8763185,74.5
0.8756034,45.65
0.8749223,90.6
0.8749059,35.0
0.8693033,81.35
0.86929506,90.55
0.8678661,69.85
0.866863,69.8
0.8665368,86.55
0.86605084,49.85
0.8640652,25.7
0.8636819,78.55
0.85716,89.8
0.85646456,76.4
0.8551436,101.0
0.8547242,95.15
0.85216546,101.7
0.8497236,89.55
0.8489496,89.75
0.84327525,88.95
0.8410172,100.35
0.83986527,83.45
0.83758247,75.9
0.83449906,48.75
0.8333891,74.4
0.83280087,96.65
0.8250842,80.6
0.8245121,101.1
0.8244909,90.4
0.82273513,96.2
0.8196653,50.15
0.81858087,91.4
0.81829506,98.55
0.8178167,74.35
0.81742203,75.05
0.8161181,70.25
0.813631,85.45
0.81349474,85.35
0.81225485,84.3
0.811104,95.65
0.8077692,103.05
0.8056531,103.95
0.80560213,70.1
0.8039629,84.4
0.7969346,99.0
0.7958704,74.4
0.7955898,95.9
0.79250944,85.0
0.7899279,79.65
0.78889036,94.4
0.78462076,31.35
0.78360045,96.55
0.7797396,85.05
0.77886033,105.3
0.7785966,88.45
0.7783282,95.6
0.7740918,84.85
0.7729056,45.3
0.7729056,45.4
0.7703057,83.4
0.7666148,45.55
0.7652805,97.35
0.76436794,55.05
0.76251864,25.05
0.7603938,70.4
0.76030296,47.8
0.75842506,70.45
0.75715244,74.45
0.7493139,48.35
0.74834126,85.25
0.7479718,74.2
0.74515826,86.05
0.7423243,100.55
0.7405329,74.95
0.7403383,70.0
0.73880976,20.15
0.7320839,74.9
0.7316877,73.65
0.73142487,24.8
0.7264278,106.6
0.72596157,74.6
0.7250851,88.35
0.7231498,55.9
0.72185695,99.8
0.72167146,109.3
0.7201634,45.55
0.7201634,45.05
0.7198988,89.35
0.7179119,100.15
0.71454006,95.25
0.7121022,74.7
0.71073246,74.85
0.7106747,49.8
0.7092495,78.1
0.708145,99.75
0.70476407,84.65
0.7018508,109.9
0.70180434,85.4
0.7012958,24.4
0.7012242,98.6
0.697544,59.85
0.6967978,96.1
0.69638294,90.75
0.69516975,89.85
0.6943529,40.1
0.6942853,99.1
0.6917767,74.15
0.6884917,46.3
0.6864031,104.2
0.6852251,70.65
0.68413615,79.15
0.6841289,90.45
0.6839831,70.7
0.6778584,53.45
0.6767038,74.4
0.6749709,79.4
0.6702274,82.85
0.6686698,96.2
0.6676926,106.8
0.6670792,101.4
0.6670483,70.5
0.6640723,91.85
0.6632527,94.7
0.6614945,95.85
0.6531106,50.65
0.65119296,106.45
0.6497294,100.05
0.64868927,70.0
0.64782214,93.85
0.646926,70.1
0.64466137,80.55
0.6446526,84.95
0.6443591,70.95
0.635917,69.0
0.6350907,45.15
0.6349275,104.45
0.6295052,55.8
0.62739635,84.5
0.62347806,69.85
0.6208308,44.55
0.6194362,20.0
0.6186929,71.65
0.6173183,85.7
0.6148381,109.55
0.6136563,70.4
0.6118309,80.0
0.61177003,45.15
0.61177003,45.3
0.60720867,46.0
0.6065773,69.95
0.6059952,85.45
0.6043367,84.8
0.6042274,20.1
0.6034416,94.75
0.6034416,94.7
0.60343987,103.1
0.5999826,45.3
0.5989677,110.2
0.59795916,89.45
0.5967298,79.45
0.59558743,84.85
0.5930645,73.8
0.5924616,105.65
0.5914482,60.0
0.5896657,85.35
0.5893382,98.7
0.58746326,78.55
0.5832808,99.8
0.58184403,79.9
0.5810643,71.1
0.5801412,75.6
0.5790632,29.05
0.5776633,70.25
0.57764584,50.65
0.57594496,84.7
0.57251805,75.05
0.56781894,69.55
0.56562895,101.25
0.56534976,91.5
0.5643837,45.05
0.5634102,51.75
0.5627132,46.35
0.56244326,29.8
0.5619628,76.85
0.5573936,46.35
0.5566299,71.35
0.5566299,71.55
0.5558829,79.0
0.5553668,80.15
0.553458,84.05
0.5528713,56.3
0.5505852,69.75
0.5491724,102.1
0.5491246,89.5
0.54863584,83.75
0.5474841,88.45
0.5473467,35.2
0.5467046,55.4
0.54573715,60.6
0.544845,20.2
0.5433483,105.75
0.54267454,54.9
0.5409225,103.6
0.5405775,94.05
0.5402755,49.25
0.53905153,70.35
0.5387606,74.6
0.5376119,24.6
0.537591,101.8
0.5375692,85.15
0.5326658,98.7
0.5314263,83.85
0.5304081,73.85
0.52966255,44.8
0.5296327,76.05
0.5280623,104.9
0.5280278,106.3
0.5273559,100.3
0.5270964,75.65
0.5266755,101.4
0.525966,24.75
0.52437186,25.35
